-- ============================================================
-- MediTrack Seed Data
-- Password for all users: MediTrack@2026
-- BCrypt hash (cost=12) generated by Spring PasswordEncoder
-- ============================================================

USE meditrack_db;

-- ── Hospitals ─────────────────────────────────────────────────
INSERT INTO hospitals (id, name, location, address, city, state, pincode, phone, email, total_doctors, total_nurses, total_beds, is_active)
VALUES
(1, 'Government General Hospital', 'Park Town, Chennai',       'Park Town, Chennai - 600003', 'Chennai',   'Tamil Nadu',  '600003', '044-25305000', 'gghhospital@tn.gov.in', 42, 128, 1000, 1),
(2, 'Apollo Hospitals',            'Greams Road, Chennai',     '21, Greams Lane, Chennai',    'Chennai',   'Tamil Nadu',  '600006', '044-28290200', 'info@apollohospitals.com', 35, 90, 600, 1),
(3, 'AIIMS Delhi',                 'Ansari Nagar, New Delhi',  'Ansari Nagar East, New Delhi','New Delhi', 'Delhi',       '110029', '011-26588500', 'director@aiims.ac.in', 120, 350, 2000, 1),
(4, 'Fortis Hospital',             'Bannerghatta, Bangalore',  'Bannerghatta Road, Bangalore','Bangalore', 'Karnataka',   '560076', '080-66214444', 'info@fortishealthcare.com', 28, 80, 400, 1)
ON DUPLICATE KEY UPDATE name=VALUES(name);

-- ── Hospital Departments ─────────────────────────────────────
INSERT INTO hospital_departments (hospital_id, department) VALUES
(1,'General Medicine'),(1,'Cardiology'),(1,'Orthopedics'),(1,'Neurology'),
(1,'Pediatrics'),(1,'Gynecology'),(1,'Radiology'),(1,'Pathology'),(1,'Emergency'),
(2,'General Medicine'),(2,'Cardiology'),(2,'Oncology'),(2,'Neurology'),
(2,'Orthopedics'),(2,'Dermatology'),(2,'Psychiatry'),
(3,'General Medicine'),(3,'Cardiology'),(3,'Neurology'),(3,'Gastroenterology'),
(3,'Endocrinology'),(3,'Nephrology'),(3,'Oncology'),
(4,'General Medicine'),(4,'Orthopedics'),(4,'Neurology'),(4,'Cardiology')
ON DUPLICATE KEY UPDATE department=VALUES(department);

-- ── Users ─────────────────────────────────────────────────────
-- Password: MediTrack@2026
-- Hash generated with BCryptPasswordEncoder(12).encode("MediTrack@2026")
-- Note: Run /dev/reset endpoint after first startup to re-hash correctly

INSERT INTO users (id, name, email, password, role, is_active)
VALUES
(1, 'Dr. Ramesh Kumar',  'doctor@meditrack.com',  '$2a$12$N9qo8uLOickgx2ZMRZoMyeIjZAgcfl7p92ldGxad68LJZdL17lhWy', 'DOCTOR',  1),
(2, 'Nurse Anitha',      'nurse@meditrack.com',   '$2a$12$N9qo8uLOickgx2ZMRZoMyeIjZAgcfl7p92ldGxad68LJZdL17lhWy', 'NURSE',   1),
(3, 'Arjun Mehta',       'patient@meditrack.com', '$2a$12$N9qo8uLOickgx2ZMRZoMyeIjZAgcfl7p92ldGxad68LJZdL17lhWy', 'PATIENT', 1)
ON DUPLICATE KEY UPDATE name=VALUES(name);

-- ── Doctor Profile ────────────────────────────────────────────
INSERT INTO doctors (id, user_id, hospital_id, specialization, department, registration_number, qualification, experience_years, is_active)
VALUES (1, 1, 1, 'Internal Medicine', 'General Medicine', 'TN-MED-2015-001', 'MBBS, MD (Internal Medicine)', 11, 1)
ON DUPLICATE KEY UPDATE specialization=VALUES(specialization);

-- ── Nurse Profile ─────────────────────────────────────────────
INSERT INTO nurses (id, user_id, hospital_id, department, registration_number, qualification, is_active)
VALUES (1, 2, 1, 'General Medicine', 'TN-NUR-2018-001', 'B.Sc Nursing', 1)
ON DUPLICATE KEY UPDATE department=VALUES(department);

-- ── Patient Profile ───────────────────────────────────────────
INSERT INTO patients (id, user_id, uhid, date_of_birth, gender, blood_group, mobile, address, emergency_contact_name, emergency_contact_number, allergies, current_medications, medical_summary)
VALUES (1, 3, 'MDT20260001', '1992-06-15', 'Male', 'B+', '+91 98765 43210', '14, Anna Nagar, Chennai - 600040', 'Sunita Mehta', '+91 98765 00001', 'Penicillin, Sulfa drugs', 'Metformin 500mg OD, Amlodipine 5mg OD', 'Type 2 Diabetes Mellitus (2018). Hypertension well controlled.')
ON DUPLICATE KEY UPDATE uhid=VALUES(uhid);

-- ── Visit History ─────────────────────────────────────────────
INSERT INTO visit_history (id, patient_id, hospital_id, doctor_id, visit_date, department, diagnosis_summary, treatment_summary, notes, visit_status)
VALUES
(1, 1, 1, 1, '2026-03-20', 'General Medicine', 'Type 2 Diabetes Mellitus — follow-up. HbA1c elevated.', 'BP and sugar reviewed. Metformin dosage adjusted to 1000mg BD.', 'Return in 4 weeks for follow-up blood test.', 'COMPLETED'),
(2, 1, 2, NULL, '2026-02-14', 'Cardiology', 'Hypertension review. BP well controlled on current medications.', 'Continue Amlodipine 5mg OD. ECG normal.', 'Annual cardiology review done.', 'COMPLETED'),
(3, 1, 1, 1, '2026-01-05', 'General Medicine', 'Annual checkup. All vitals normal.', 'Routine checkup done. All parameters normal.', 'Advised to continue medications.', 'COMPLETED')
ON DUPLICATE KEY UPDATE diagnosis_summary=VALUES(diagnosis_summary);

-- ── Prescriptions ─────────────────────────────────────────────
INSERT INTO prescriptions (id, patient_id, doctor_id, hospital_id, medicine_name, dosage, frequency, duration, route, instructions, prescribed_date, status)
VALUES
(1, 1, 1, 1, 'Metformin 1000mg', '1000mg', 'BD', '30 days', 'Oral', 'Take after meals',          '2026-03-20', 'ACTIVE'),
(2, 1, 1, 1, 'Amlodipine 5mg',   '5mg',    'OD', '30 days', 'Oral', 'Take in the morning',       '2026-03-20', 'ACTIVE'),
(3, 1, 1, 1, 'Pantoprazole 40mg','40mg',   'OD', '14 days', 'Oral', 'Take 30 minutes before food','2026-02-14', 'COMPLETED')
ON DUPLICATE KEY UPDATE medicine_name=VALUES(medicine_name);

-- ── Lab Reports ───────────────────────────────────────────────
INSERT INTO lab_reports (id, patient_id, hospital_id, doctor_id, report_name, report_type, lab_name, file_name, file_type, file_size, report_date, status, remarks)
VALUES
(1, 1, 1, 1, 'CBC Blood Test',  'BLOOD_TEST', 'Metropolis Labs',      'cbc_2026_03_18.pdf', 'application/pdf', 524288,  '2026-03-18', 'NORMAL',   'All counts within normal range'),
(2, 1, 1, 1, 'HbA1c Test',      'BLOOD_TEST', 'SRL Diagnostics',      'hba1c_march.pdf',    'application/pdf', 307200,  '2026-03-18', 'ABNORMAL', 'HbA1c: 8.2% — above target'),
(3, 1, 2, NULL,'Chest X-Ray',   'X_RAY',      'Apollo Diagnostics',   'xray_chest.jpg',     'image/jpeg',      2097152, '2026-02-14', 'NORMAL',   'No active lesion'),
(4, 1, 1, 1, 'Urine Routine',   'URINE_TEST', 'Thyrocare',            'urine_jan.pdf',      'application/pdf', 204800,  '2026-01-05', 'NORMAL',   'No significant abnormality')
ON DUPLICATE KEY UPDATE report_name=VALUES(report_name);

-- ── Vitals ────────────────────────────────────────────────────
INSERT INTO vitals (id, patient_id, nurse_id, hospital_id, blood_pressure, blood_sugar, pulse, temperature, weight, height, oxygen_saturation, notes, recorded_at)
VALUES
(1, 1, 1, 1, '128/82', '156', '78', '98.4', '72', '172', '98', 'Pre-consultation vitals', '2026-03-20 09:00:00'),
(2, 1, 1, 1, '122/78', '142', '72', '98.2', '71', '172', '99', 'Post-medication vitals',   '2026-01-05 10:30:00')
ON DUPLICATE KEY UPDATE blood_pressure=VALUES(blood_pressure);

-- ── Notification Logs ─────────────────────────────────────────
INSERT INTO notification_logs (id, patient_id, hospital_id, doctor_id, hospital_name, hospital_location, doctor_name, department, visit_date, mobile, message, sms_status, sent_at)
VALUES
(1, 1, 1, 1, 'Government General Hospital', 'Chennai', 'Dr. Ramesh Kumar', 'General Medicine', '20-Mar-2026', '+91 98765 43210', 'MediTrack: You were treated at Government General Hospital, Chennai on 20-Mar-2026. Doctor: Dr. Ramesh Kumar (General Medicine). Please keep this message for your records.', 'DELIVERED', '2026-03-20 11:00:00'),
(2, 1, 2, NULL, 'Apollo Hospitals', 'Chennai', 'Dr. Priya Sharma', 'Cardiology', '14-Feb-2026', '+91 98765 43210', 'MediTrack: You were treated at Apollo Hospitals, Chennai on 14-Feb-2026. Doctor: Dr. Priya Sharma (Cardiology). Please keep this message for your records.', 'DELIVERED', '2026-02-14 15:00:00')
ON DUPLICATE KEY UPDATE sms_status=VALUES(sms_status);

-- ── OPD Records ───────────────────────────────────────────────
INSERT INTO opd_records (id, patient_id, hospital_id, nurse_id, department, priority, symptoms, appointment_date, token_number, status)
VALUES
(1, 1, 1, 1, 'General Medicine', 'NORMAL', 'Diabetes follow-up, fatigue', '2026-03-20', 1, 'DONE')
ON DUPLICATE KEY UPDATE status=VALUES(status);

-- Verify inserts
SELECT 'Users'        AS entity, COUNT(*) AS count FROM users;
SELECT 'Hospitals'    AS entity, COUNT(*) AS count FROM hospitals;
SELECT 'Patients'     AS entity, COUNT(*) AS count FROM patients;
SELECT 'Doctors'      AS entity, COUNT(*) AS count FROM doctors;
SELECT 'Nurses'       AS entity, COUNT(*) AS count FROM nurses;
SELECT 'Visit History'AS entity, COUNT(*) AS count FROM visit_history;
SELECT 'Prescriptions'AS entity, COUNT(*) AS count FROM prescriptions;
SELECT 'Lab Reports'  AS entity, COUNT(*) AS count FROM lab_reports;
SELECT 'Notifications'AS entity, COUNT(*) AS count FROM notification_logs;